seed,model,selected_epoch,validation_nll,condition,accuracy,nll,brier,ece15,mean_confidence
42,baseline,8,0.34603658307960805,clean,0.8768,0.3439514569638567,0.1760879857613762,0.008074041777849173,0.8762548082590104
42,baseline,8,0.34603658307960805,gaussian_noise_0.2,0.7541,0.6507619445668467,0.3393073022220443,0.061536688771843914,0.8146839880853891
42,vbll,9,0.33759716790477284,clean,0.8793,0.34609395879268906,0.17717469541074315,0.011796039906144142,0.8833737574368715
42,vbll,9,0.33759716790477284,gaussian_noise_0.2,0.8146,0.505488435699155,0.26049782623606876,0.01412196663767098,0.8086770972236991
43,baseline,9,0.328388988607567,clean,0.8775,0.3467643703767978,0.1775456593118755,0.009475536103546612,0.8854407984092831
43,baseline,9,0.328388988607567,gaussian_noise_0.2,0.7393,0.6871346915094362,0.3584391374624848,0.07974030304104089,0.8190403030410409
43,vbll,9,0.3274503642052819,clean,0.8787,0.3420391873081057,0.17591595400283774,0.005397373247146583,0.8763898236870765
43,vbll,9,0.3274503642052819,gaussian_noise_0.2,0.7406,0.6765853323715295,0.35598035096013503,0.06675825872123242,0.8061311991900205
44,baseline,10,0.33892283941288565,clean,0.8786,0.34458079045691864,0.17639618419940037,0.008617920367419714,0.8846867438659072
44,baseline,10,0.33892283941288565,gaussian_noise_0.2,0.7462,0.6687039535075486,0.34659340087810475,0.0566586322143674,0.8020184981539845
44,vbll,10,0.6587727785079109,clean,0.8223,0.6637804987390993,0.26724204323480766,0.053542624427378165,0.8758426244273781
44,vbll,10,0.6587727785079109,gaussian_noise_0.2,0.7911,0.6760189399590587,0.29956181151859834,0.022851706239581084,0.791272133025527
