seed,model,epoch,train_objective,val_accuracy,val_nll,val_brier,val_ece15,epoch_seconds_pair,selected_so_far
42,baseline,1,0.8530984886487325,0.8065,0.5578687000471018,0.27968672247227583,0.026725160859525223,4.445019540999056,True
42,vbll,1,1.0960294861793518,0.8015,0.5577071131456193,0.2814359213936401,0.03739605426788327,4.445019540999056,True
42,baseline,2,0.4718358388741811,0.837,0.4647171156672524,0.23868381153685447,0.026018316738307463,3.182434165999439,True
42,vbll,2,0.7128473170598348,0.8415,0.46072225448814974,0.23578416939622504,0.048238994777202567,3.182434165999439,True
42,baseline,3,0.4110739414691925,0.8535,0.4116767603926736,0.21093237857959343,0.016800296306610122,4.070586083998933,True
42,vbll,3,0.6379644020398458,0.8515,0.4222893368848987,0.21637668790548228,0.017966056220233412,4.070586083998933,True
42,baseline,4,0.37663268303871156,0.861,0.40586614900549933,0.207998786104571,0.0200313179716468,3.3827295410010265,True
42,vbll,4,0.5885138030052185,0.861,0.4039193272371689,0.20681369452649875,0.02925744716823101,3.3827295410010265,True
42,baseline,5,0.3502309234937032,0.858,0.40705879108765697,0.20849594333749738,0.014148593321442632,4.099913582998852,False
42,vbll,5,0.546391796429952,0.857,0.39209825028759904,0.202670118376959,0.018605786636471753,4.099913582998852,True
42,baseline,6,0.32716146429379783,0.865,0.37111081833519166,0.19078670447987028,0.015610490903258367,4.142915291999088,True
42,vbll,6,0.5101069224675496,0.871,0.36179509031890267,0.18696408275276588,0.01666108256578446,4.142915291999088,True
42,baseline,7,0.3045581560929616,0.8805,0.3677546405281719,0.18498651268931268,0.023850403070449847,3.9402619169995887,True
42,vbll,7,0.48540130027135214,0.8745,0.3616244241633538,0.18491103209410426,0.012637579470872858,3.9402619169995887,True
42,baseline,8,0.2952011222044627,0.885,0.34603658307960805,0.17437491317148288,0.018332110464572837,3.839362082999287,True
42,vbll,8,0.4703761928876241,0.882,0.3407238169691454,0.17359745515326838,0.01475341042876239,3.839362082999287,True
42,baseline,9,0.2743213798999786,0.8825,0.35175519326791793,0.17362792404402946,0.019852392271161066,3.455873500002781,False
42,vbll,9,0.44125533215204876,0.8835,0.33759716790477284,0.16943539347664482,0.015347810626030006,3.455873500002781,True
42,baseline,10,0.2587243783871333,0.875,0.35064539091763924,0.18055279377635616,0.020555996477603956,3.4960415420027857,False
42,vbll,10,0.4198348282972972,0.8775,0.33840232657685104,0.1777123023659621,0.021482089638709987,3.4960415420027857,False
43,baseline,1,0.827167971611023,0.792,0.5540488865148495,0.2846539654866628,0.02234016185998916,3.7886252919997787,True
43,vbll,1,1.1222463622093202,0.7895,0.5573650401000874,0.2883319404619616,0.03755750101059673,3.7886252919997787,True
43,baseline,2,0.47747899508476255,0.8415,0.4398213579243571,0.22546193650809926,0.033067285940051074,4.02390466700308,True
43,vbll,2,0.7298421678543091,0.846,0.45779547003850884,0.23089124096804864,0.056257868498563776,4.02390466700308,True
43,baseline,3,0.4118744510014852,0.857,0.4133458981309862,0.20831501930451754,0.01729964259266852,4.2650837500004855,True
43,vbll,3,0.6429235353469849,0.86,0.4040512458394476,0.20538009884285896,0.022702502124011526,4.2650837500004855,True
43,baseline,4,0.37432870030403137,0.8635,0.39223784840865117,0.2008722103452792,0.012125000044703488,4.234626124998613,True
43,vbll,4,0.5893562644322713,0.8605,0.3913227085926316,0.2001366390865364,0.01562949047982691,4.234626124998613,True
43,baseline,5,0.35053471422195437,0.87,0.3758983051687242,0.19093926616079446,0.019774250552058177,4.006396749999112,True
43,vbll,5,0.5505921433766683,0.876,0.37521677624744176,0.19097844656859536,0.028099289290606972,4.006396749999112,True
43,baseline,6,0.3260441555182139,0.8705,0.3559446019107687,0.18312497665460206,0.020096075206995002,3.364994832998491,True
43,vbll,6,0.5143194936116536,0.864,0.35915402121284623,0.18499497837651066,0.02908030836284163,3.364994832998491,True
43,baseline,7,0.3068992957274119,0.8795,0.3387262414246733,0.17255556762154423,0.018694334462285068,4.181172415999754,True
43,vbll,7,0.49078643004099526,0.8715,0.3430203177943812,0.17839997894547782,0.021605590224266037,4.181172415999754,True
43,baseline,8,0.28921141517162324,0.867,0.3760246661172084,0.1917967661525433,0.02327223683893681,3.773570125002152,False
43,vbll,8,0.4649189745585124,0.8665,0.3720255158584785,0.19155822344290865,0.02147780338674788,3.773570125002152,False
43,baseline,9,0.2840833342075348,0.885,0.328388988607567,0.16734289404268635,0.01352768999338152,3.665255166000861,True
43,vbll,9,0.4486785594622294,0.883,0.3274503642052819,0.16811673180419517,0.012556157432496561,3.665255166000861,True
43,baseline,10,0.2599101036389669,0.8725,0.37152743816170775,0.18285505811494793,0.02667033503949645,4.528991791001317,False
43,vbll,10,0.42271240321795145,0.885,0.3312401152852152,0.1667984266606125,0.015787622332572946,4.528991791001317,False
44,baseline,1,0.9454425005912781,0.778,0.5988176030847641,0.3056777868229111,0.027184689283370964,4.243358291998447,True
44,vbll,1,5.785424891153971,0.6985,1.7572849113944045,0.45278005214559236,0.08161074861884117,4.243358291998447,True
44,baseline,2,0.5065206677118937,0.8275,0.48095496440688723,0.2446518080782015,0.019704624451696878,3.7864979169971775,True
44,vbll,2,3.1390550365448,0.754,1.4038690394398619,0.3631076807044001,0.030371374741196607,3.7864979169971775,True
44,baseline,3,0.4395108145872752,0.824,0.47078596885162427,0.2436945289824656,0.019770265139639354,4.290304917001777,True
44,vbll,3,2.7771081609725954,0.777,1.1982097700062981,0.3325014386711324,0.03197072638571264,4.290304917001777,True
44,baseline,4,0.3882222683429718,0.8495,0.42238192128405183,0.2129468301382136,0.013420873828232262,4.153052582998498,True
44,vbll,4,2.5166883042653403,0.8005,1.0654877286949742,0.311542014719205,0.03197387066483499,4.153052582998498,True
44,baseline,5,0.35827721416950226,0.843,0.4162932818970746,0.21442180438409753,0.02217102278769014,4.213683250000031,True
44,vbll,5,2.310700215657552,0.8045,0.8819050120432562,0.2994511861297506,0.03634746208041903,4.213683250000031,True
44,baseline,6,0.33866511567433677,0.858,0.39023255001970586,0.19842056983208856,0.019674271360039672,3.8242293339972093,True
44,vbll,6,2.1253132775624595,0.804,0.8715387508297615,0.3021061406719241,0.05651769415289164,3.8242293339972093,True
44,baseline,7,0.3183705886999766,0.8725,0.3601600213653155,0.18146608192488026,0.009176258116960555,3.880550666999625,True
44,vbll,7,1.9612377223968507,0.8215,0.7761936220849694,0.2812104912229947,0.03955205495655537,3.880550666999625,True
44,baseline,8,0.2992280677159627,0.8625,0.37805371322141085,0.19568821271182243,0.019889209762215684,4.578368957998464,False
44,vbll,8,1.8180879923502604,0.817,0.6898936356225807,0.27563683163397334,0.05166026853770018,4.578368957998464,True
44,baseline,9,0.29199183305104576,0.886,0.3455656255520449,0.17336252868024005,0.014535541906952828,4.231564582998544,True
44,vbll,9,1.704095302581787,0.828,0.6974078038945696,0.26585472383625974,0.04214508003741503,4.231564582998544,False
44,baseline,10,0.2795580987930298,0.885,0.33892283941288565,0.1708564548050171,0.013559600561857267,3.604379375003191,True
44,vbll,10,1.582371234734853,0.829,0.6587727785079109,0.2620108695913252,0.04586838818341495,3.604379375003191,True
